{
  "params": {
    "alpha": 1.0,
    "beta": 1.0,
    "n_r": 2.0,
    "m_r": 1.0,
    "n_m": 3.0,
    "m_m": 0.5,
    "Tcrit": 1200.0,
    "Topt": 1250.0,
    "eps": 1e-09,
    "v_col": "total_air_flow_knm3_h",
    "use_delta": "|delta_proxy|"
  },
  "t_ref_repr": "2023-12-02 10:00:00",
  "Wr_ref": 147.92725653180094,
  "Wm_ref": 7204476.667854408,
  "percent_nan_Wr_idx": 36.437866802755806,
  "percent_nan_Wm_idx": 36.437866802755806,
  "valid_rows_used": 7473,
  "total_rows": 11757
}